Entity,Code,Day,80+_start,18-24_start,50-59_start,70-79_start,25-49_start,60-69_start
Austria,AUT,8/1/21,1.23,0.12,0.54,0.27,0.38,0.32
Austria,AUT,15/1/21,6.05,0.44,1.81,1.29,1.18,1.3
Austria,AUT,22/1/21,11.75,0.87,3.15,2.15,2.16,2.11
Austria,AUT,29/1/21,14.12,1.03,3.54,2.36,2.47,2.38
Austria,AUT,5/2/21,14.92,1.15,3.85,2.51,2.68,2.57
Austria,AUT,12/2/21,15.85,1.52,4.31,2.72,3.04,2.84
Austria,AUT,19/2/21,20.16,2,5.15,3.04,3.71,3.34
Austria,AUT,26/2/21,27.79,2.95,6.45,3.53,4.8,4.2
Austria,AUT,5/3/21,43.84,3.73,7.91,4.58,5.87,5.33
Austria,AUT,12/3/21,57.46,5.12,10.42,8.15,7.92,8.12
Austria,AUT,19/3/21,66.82,5.82,12.4,13.82,9.26,10.99
Austria,AUT,26/3/21,71.86,6.46,14.22,19.01,10.47,13.38
Austria,AUT,2/4/21,78.38,6.82,15.24,26.95,11.04,15.03
Austria,AUT,9/4/21,84.13,7.15,16.35,40.46,11.61,19.76
Austria,AUT,16/4/21,88.19,7.64,18.54,54.54,12.71,27.71
Austria,AUT,23/4/21,90.15,8.52,22.29,63.78,14.44,37.48
Austria,AUT,30/4/21,91.41,9.72,27.07,67.98,16.34,48.95
Austria,AUT,7/5/21,92.9,11.69,34.17,71.54,19.54,57.69
Austria,AUT,14/5/21,93.88,13.99,42.09,73.51,23.02,64.11
Austria,AUT,21/5/21,94.97,16.8,49.2,75.49,28.04,70.7
Austria,AUT,28/5/21,95.61,19.59,53.64,76.51,32.27,73.87
Austria,AUT,4/6/21,96.23,23.93,58.75,77.45,37.76,76.34
Austria,AUT,11/6/21,96.75,29.3,63.55,78.18,42.92,77.83
Austria,AUT,18/6/21,97.31,34.03,66.43,78.92,47.55,79.19
Austria,AUT,25/6/21,97.72,38.42,67.94,79.46,51.5,80.11
Austria,AUT,2/7/21,98.16,43.14,69.41,80.04,54.85,81.04
Austria,AUT,9/7/21,98.51,48.03,70.53,80.5,57.16,81.84
Austria,AUT,16/7/21,98.87,50.44,71.49,80.96,58.58,82.56
Austria,AUT,23/7/21,99.22,52.46,72.36,81.39,59.89,83.21
Austria,AUT,30/7/21,99.48,53.64,72.87,81.67,60.64,83.64
Austria,AUT,6/8/21,99.73,54.74,73.41,81.97,61.37,84.07
Austria,AUT,13/8/21,99.91,55.44,73.78,82.17,61.86,84.36
Austria,AUT,20/8/21,100.13,56.26,74.21,82.4,62.47,84.7
Austria,AUT,27/8/21,100.36,57.14,74.65,82.64,63.09,85.04
Austria,AUT,31/8/21,100.48,57.7,74.91,82.77,63.48,85.23
Belgium,BEL,8/1/21,2.3,0.04,0.16,0.37,0.11,0.17
Belgium,BEL,15/1/21,10.5,0.24,0.75,1.57,0.52,0.71
Belgium,BEL,22/1/21,15.14,0.99,2.04,2.6,1.63,1.62
Belgium,BEL,29/1/21,16.4,1.53,2.88,3.03,2.37,2.16
Belgium,BEL,5/2/21,17.03,1.82,3.48,3.26,2.91,2.54
Belgium,BEL,12/2/21,17.35,2.01,4,3.4,3.31,2.84
Belgium,BEL,19/2/21,17.49,2.46,4.72,3.54,4,3.18
Belgium,BEL,26/2/21,17.62,3.17,6.13,3.7,5.36,3.65
Belgium,BEL,5/3/21,18.73,4.38,8.11,4.35,7.26,4.6
Belgium,BEL,12/3/21,20.77,5.48,9.8,6.02,8.82,6.28
Belgium,BEL,19/3/21,33.94,6.46,11.26,11.29,9.82,8.62
Belgium,BEL,26/3/21,51.58,7,12.16,18.52,10.47,10.45
Belgium,BEL,2/4/21,73.67,7.37,12.86,26.46,10.98,12.42
Belgium,BEL,9/4/21,80.74,7.71,13.69,52.42,11.42,17.4
Belgium,BEL,16/4/21,83.16,8.18,15.27,77.75,11.83,25.21
Belgium,BEL,23/4/21,84.32,8.73,18.95,88.19,12.44,40.56
Belgium,BEL,30/4/21,85.38,9.34,23.86,89.96,13.3,57.4
Belgium,BEL,7/5/21,86.63,9.98,32.76,91.42,15.63,75.18
Belgium,BEL,14/5/21,87.31,10.64,41.08,92.28,18.63,79.27
Belgium,BEL,21/5/21,87.97,11.3,56.55,92.92,22.81,82.11
Belgium,BEL,28/5/21,88.33,12.22,60.38,93.23,26.81,83.97
Belgium,BEL,4/6/21,88.78,14.32,71.57,93.66,32.86,89.03
Belgium,BEL,11/6/21,89.12,17.33,83.15,94,40.97,90.38
Belgium,BEL,18/6/21,89.39,24.24,85.66,94.28,56.3,90.93
Belgium,BEL,25/6/21,89.59,37.76,86.44,94.48,67.76,91.27
Belgium,BEL,2/7/21,89.74,51.66,86.91,94.64,74.08,91.51
Belgium,BEL,9/7/21,89.91,61.51,87.28,94.86,75.41,91.76
Belgium,BEL,16/7/21,90.15,67.57,87.72,95.14,76.45,92.08
Belgium,BEL,23/7/21,90.32,69.6,88.09,95.33,77.1,92.33
Belgium,BEL,30/7/21,90.45,70.85,88.41,95.48,77.7,92.55
Belgium,BEL,6/8/21,90.55,72.03,88.73,95.62,78.34,92.76
Belgium,BEL,13/8/21,90.65,72.95,89,95.73,78.91,92.91
Belgium,BEL,20/8/21,90.7,73.72,89.18,95.81,79.39,93.01
Belgium,BEL,27/8/21,90.76,74.48,89.33,95.87,79.86,93.09
Belgium,BEL,31/8/21,90.77,74.83,89.39,95.89,80.04,93.12
Bulgaria,BGR,8/1/21,0.04,0.04,0.46,0.12,0.18,0.39
Bulgaria,BGR,15/1/21,0.06,0.05,0.62,0.17,0.24,0.53
Bulgaria,BGR,22/1/21,0.07,0.06,0.72,0.2,0.29,0.63
Bulgaria,BGR,29/1/21,0.12,0.07,0.91,0.29,0.37,0.82
Bulgaria,BGR,5/2/21,0.31,0.1,1.29,0.42,0.51,1.13
Bulgaria,BGR,12/2/21,0.41,0.13,1.8,0.52,0.75,1.47
Bulgaria,BGR,19/2/21,0.71,0.32,2.88,0.95,1.37,2.29
Bulgaria,BGR,26/2/21,2.07,0.71,4.57,3.4,2.28,4.52
Bulgaria,BGR,5/3/21,3.29,0.96,5.73,5.64,2.86,6.38
Bulgaria,BGR,12/3/21,4.14,1.15,6.5,7.04,3.28,7.53
Bulgaria,BGR,19/3/21,4.31,1.26,6.92,7.31,3.56,7.9
Bulgaria,BGR,26/3/21,5.08,1.58,7.93,8.6,4.25,9.11
Bulgaria,BGR,2/4/21,5.99,1.94,9,10,5,10.38
Bulgaria,BGR,9/4/21,7.24,2.23,9.94,11.91,5.6,11.9
Bulgaria,BGR,16/4/21,8.3,2.48,10.8,13.56,6.16,13.25
Bulgaria,BGR,23/4/21,9.21,2.76,11.67,15.02,6.78,14.49
Bulgaria,BGR,30/4/21,10.07,3.14,12.56,16.33,7.43,15.68
Bulgaria,BGR,7/5/21,10.62,3.58,13.23,17.22,7.98,16.53
Bulgaria,BGR,14/5/21,11.7,4.04,14.19,18.85,8.69,17.87
Bulgaria,BGR,21/5/21,12.92,4.48,15.14,20.64,9.37,19.31
Bulgaria,BGR,28/5/21,13.82,4.82,15.83,21.89,9.86,20.35
Bulgaria,BGR,4/6/21,14.6,5.21,16.5,22.99,10.37,21.25
Bulgaria,BGR,11/6/21,15.33,5.62,17.16,24.01,10.88,22.12
Bulgaria,BGR,18/6/21,15.88,6.02,17.78,24.8,11.35,22.84
Bulgaria,BGR,25/6/21,16.37,6.35,18.34,25.53,11.75,23.5
Bulgaria,BGR,2/7/21,16.79,6.7,18.88,26.17,12.17,24.13
Bulgaria,BGR,9/7/21,17.26,7.15,19.54,26.88,12.66,24.84
Bulgaria,BGR,16/7/21,17.67,7.59,20.2,27.52,13.21,25.49
Bulgaria,BGR,23/7/21,18.05,8.05,20.86,28.11,13.75,26.09
Bulgaria,BGR,30/7/21,18.46,8.55,21.58,28.74,14.37,26.77
Bulgaria,BGR,6/8/21,18.88,9.09,22.34,29.4,15.02,27.5
Bulgaria,BGR,13/8/21,19.28,9.6,23.08,30.02,15.68,28.16
Bulgaria,BGR,20/8/21,19.67,10.17,23.81,30.61,16.38,28.81
Bulgaria,BGR,27/8/21,20.07,10.9,24.6,31.2,17.17,29.48
Croatia,HRV,1/1/21,0.39,0,0.04,0.09,0.03,0.03
Croatia,HRV,8/1/21,3.25,0.17,1.06,0.97,0.73,0.73
Croatia,HRV,15/1/21,4.27,0.28,1.81,1.52,1.2,1.26
Croatia,HRV,22/1/21,5.06,0.35,2.29,1.96,1.5,1.67
Croatia,HRV,29/1/21,5.18,0.36,2.35,2.03,1.54,1.72
Croatia,HRV,5/2/21,5.33,0.38,2.43,2.15,1.58,1.81
Croatia,HRV,12/2/21,6.38,0.43,2.8,3.05,1.78,2.38
Croatia,HRV,19/2/21,11.34,0.56,3.54,5.41,2.16,3.51
Croatia,HRV,26/2/21,21.52,0.66,4.24,10.49,2.5,5.26
Croatia,HRV,5/3/21,27.67,0.73,4.86,16.32,2.75,7.13
Croatia,HRV,12/3/21,31.88,0.94,5.57,22.24,3.04,9.37
Croatia,HRV,19/3/21,34.52,1.04,6.43,28.06,3.36,12.13
Croatia,HRV,26/3/21,36.79,1.17,7.39,33.4,3.72,15.22
Croatia,HRV,2/4/21,38.88,1.34,8.43,38.49,4.09,18.7
Croatia,HRV,9/4/21,40.27,1.46,9.87,42.34,4.57,22.59
Croatia,HRV,16/4/21,42.01,1.75,12.21,46.54,5.49,28.04
Croatia,HRV,23/4/21,43.8,2.32,14.39,50.73,6.43,32.53
Croatia,HRV,30/4/21,45.42,2.76,17.66,54.14,8.06,37.09
Croatia,HRV,7/5/21,47.81,4.05,25.4,58.97,12.46,45.19
Croatia,HRV,14/5/21,49.88,6.43,32.9,62.57,18.13,51.24
Croatia,HRV,21/5/21,51.31,9.26,38.91,65.07,23.14,55.44
Croatia,HRV,28/5/21,52.34,11.77,42.47,66.83,26.58,58.14
Croatia,HRV,4/6/21,52.97,13.52,44.4,67.85,28.67,59.62
Croatia,HRV,11/6/21,53.59,16.08,46.3,68.82,30.62,61.09
Croatia,HRV,18/6/21,53.98,17.13,47.41,69.46,31.68,61.98
Croatia,HRV,25/6/21,54.23,17.88,48.14,69.87,32.37,62.55
Croatia,HRV,2/7/21,54.64,18.95,49.24,70.52,33.39,63.46
Croatia,HRV,9/7/21,55.09,20.48,50.65,71.23,34.78,64.54
Croatia,HRV,16/7/21,55.45,21.77,51.76,71.76,35.94,65.35
Croatia,HRV,23/7/21,55.8,22.92,52.7,72.24,36.93,66.03
Croatia,HRV,30/7/21,56.09,23.89,53.45,72.59,37.78,66.56
Croatia,HRV,6/8/21,56.26,24.46,53.88,72.81,38.28,66.9
Croatia,HRV,13/8/21,56.41,25.01,54.3,73.02,38.78,67.22
Croatia,HRV,20/8/21,56.58,25.6,54.8,73.26,39.35,67.59
Croatia,HRV,27/8/21,56.81,26.32,55.41,73.57,40.07,68.04
Croatia,HRV,31/8/21,56.83,26.4,55.48,73.6,40.15,68.08
Cyprus,CYP,1/1/21,0.65,0.01,0.02,0.04,0.02,0.04
Cyprus,CYP,8/1/21,5.74,0.07,0.85,0.73,0.59,0.79
Cyprus,CYP,15/1/21,14.6,0.09,1.16,0.92,0.8,1.1
Cyprus,CYP,22/1/21,26.7,0.13,1.34,1.12,0.89,1.26
Cyprus,CYP,29/1/21,38.69,0.15,1.41,1.27,0.94,1.33
Cyprus,CYP,5/2/21,46.98,0.16,1.53,1.55,1.01,1.44
Cyprus,CYP,12/2/21,61.21,0.19,1.81,2.64,1.17,1.75
Cyprus,CYP,19/2/21,71.2,0.36,2.12,9.83,1.41,2.11
Cyprus,CYP,26/2/21,74.96,0.46,2.28,31.13,1.53,2.32
Cyprus,CYP,5/3/21,77.58,0.52,2.52,49.35,1.73,3.27
Cyprus,CYP,12/3/21,81.03,0.63,2.75,68.6,1.89,9.31
Cyprus,CYP,19/3/21,81.58,0.64,2.81,70.59,1.92,11.22
Cyprus,CYP,26/3/21,83.49,0.66,2.96,76.1,2.02,19.04
Cyprus,CYP,2/4/21,84.2,0.8,4.36,77.2,2.51,23.13
Cyprus,CYP,9/4/21,85.84,0.95,5.8,80.04,2.98,36.53
Cyprus,CYP,16/4/21,86.27,1,15.47,80.61,3.16,44.93
Cyprus,CYP,23/4/21,86.51,1.07,31.37,80.83,4.33,52.84
Cyprus,CYP,30/4/21,86.67,1.18,40.22,80.96,13.61,55.85
Cyprus,CYP,7/5/21,86.96,1.29,48.66,82.75,22.76,64.29
Cyprus,CYP,14/5/21,87.78,1.82,53,83.84,35.92,68.83
Cyprus,CYP,21/5/21,88.23,8.93,58.29,84.48,40.26,72.55
Cyprus,CYP,28/5/21,88.38,17.32,63.48,84.74,42.15,76.06
Cyprus,CYP,4/6/21,89.99,20.31,64.21,87.65,45.23,76.38
Cyprus,CYP,11/6/21,91.49,21.71,64.8,90.15,50.92,76.98
Cyprus,CYP,18/6/21,92.29,28.37,70.48,91.25,54.45,80.72
Cyprus,CYP,25/6/21,92.65,29.92,71.65,91.72,56.02,81.64
Cyprus,CYP,2/7/21,93.07,31.91,72.78,92.22,57.72,82.57
Cyprus,CYP,9/7/21,93.33,34.3,73.96,92.57,59.57,83.26
Cyprus,CYP,16/7/21,93.98,38.92,76.3,93.3,63.06,84.66
Cyprus,CYP,23/7/21,94.63,43.05,78.08,94.03,66.07,85.71
Cyprus,CYP,30/7/21,95.22,46.96,79.22,94.6,68.53,86.46
Cyprus,CYP,6/8/21,95.68,50.3,80.23,95.11,70.71,87.12
Cyprus,CYP,13/8/21,95.95,52.2,80.91,95.4,71.87,87.55
Cyprus,CYP,20/8/21,96.19,53.86,81.53,95.7,72.96,87.97
Cyprus,CYP,27/8/21,96.41,55.26,82.07,95.92,73.85,88.31
Cyprus,CYP,31/8/21,96.58,55.88,82.41,96.06,74.35,88.6
Czechia,CZE,1/1/21,0.01,0.01,0.02,0.01,0.02,0.01
Czechia,CZE,8/1/21,0.55,0.22,0.81,0.25,0.67,0.49
Czechia,CZE,15/1/21,3.21,0.53,1.85,0.82,1.42,1.18
Czechia,CZE,22/1/21,11.83,0.69,2.51,1.3,1.81,1.65
Czechia,CZE,29/1/21,18.04,0.79,2.8,1.51,1.99,1.87
Czechia,CZE,5/2/21,21.6,0.83,2.94,1.65,2.08,1.99
Czechia,CZE,12/2/21,25.55,0.9,3.15,1.86,2.22,2.14
Czechia,CZE,19/2/21,32.82,1.01,3.47,2.19,2.43,2.39
Czechia,CZE,26/2/21,42.52,1.19,3.99,2.77,2.78,2.81
Czechia,CZE,5/3/21,51.71,1.44,5.65,7.68,3.52,4.28
Czechia,CZE,12/3/21,58.44,1.83,7.27,19.27,4.33,5.52
Czechia,CZE,19/3/21,62.47,2.21,8.68,30.95,5.04,6.57
Czechia,CZE,26/3/21,65.25,2.5,9.62,38.89,5.6,7.6
Czechia,CZE,2/4/21,67.45,2.71,10.38,44.06,6.03,8.73
Czechia,CZE,9/4/21,69.92,2.96,11.37,51.42,6.59,10.39
Czechia,CZE,16/4/21,72.12,3.35,13.12,61.76,7.56,14.61
Czechia,CZE,23/4/21,73.65,3.86,15.12,67.7,8.68,24.36
Czechia,CZE,30/4/21,74.97,4.3,17.91,71.84,9.55,39.44
Czechia,CZE,7/5/21,76.38,4.85,29.71,75.34,10.8,51.84
Czechia,CZE,14/5/21,77.65,5.48,45.14,78.03,13.66,58.92
Czechia,CZE,21/5/21,78.59,6.07,52.94,79.86,19.74,62.83
Czechia,CZE,28/5/21,79.3,6.7,56.99,81.22,25.69,65.31
Czechia,CZE,4/6/21,79.95,8.17,59.93,82.4,32.55,67.32
Czechia,CZE,11/6/21,80.58,13.79,62.15,83.42,38.68,68.93
Czechia,CZE,18/6/21,81,21.6,63.48,84.11,42.5,69.96
Czechia,CZE,25/6/21,81.33,28.79,64.49,84.63,44.98,70.71
Czechia,CZE,2/7/21,81.6,34.26,65.4,85.1,46.78,71.41
Czechia,CZE,9/7/21,81.77,37.41,66.14,85.44,48.09,71.93
Czechia,CZE,16/7/21,82.02,41.07,67.24,85.95,49.84,72.73
Czechia,CZE,23/7/21,82.28,43.81,68.2,86.38,51.18,73.37
Czechia,CZE,30/7/21,82.54,46.56,69.11,86.8,52.48,73.97
Czechia,CZE,6/8/21,82.75,48.55,69.78,87.12,53.45,74.43
Czechia,CZE,13/8/21,82.91,49.82,70.24,87.34,54.08,74.73
Czechia,CZE,20/8/21,83.05,50.95,70.68,87.54,54.65,75.02
Czechia,CZE,27/8/21,83.18,52.03,71.08,87.73,55.18,75.29
Czechia,CZE,31/8/21,83.23,52.44,71.23,87.81,55.38,75.4
Denmark,DNK,8/1/21,10.48,0.54,2.59,2.01,1.84,2.36
Denmark,DNK,15/1/21,15.85,0.78,3.56,3.6,2.62,3.53
Denmark,DNK,22/1/21,17.07,0.85,3.75,3.96,2.77,3.78
Denmark,DNK,29/1/21,17.33,0.9,3.87,4.07,2.85,3.89
Denmark,DNK,5/2/21,19.29,0.94,3.97,4.35,2.93,4.02
Denmark,DNK,12/2/21,26.02,1.27,4.66,4.58,3.48,4.51
Denmark,DNK,19/2/21,43.18,1.77,5.76,5.61,4.27,5.46
Denmark,DNK,26/2/21,51.4,2.68,8.2,8.31,5.92,8.19
Denmark,DNK,5/3/21,55.86,3.8,10.63,11.88,7.74,11.17
Denmark,DNK,12/3/21,58.34,4.31,11.63,13.29,8.48,12.34
Denmark,DNK,19/3/21,67.24,4.55,12.25,14.73,8.84,13.27
Denmark,DNK,26/3/21,78.6,4.7,12.67,16.7,9.1,13.96
Denmark,DNK,2/4/21,88.75,4.85,13.26,24.13,9.38,14.88
Denmark,DNK,9/4/21,94.43,4.98,13.62,38.39,9.59,15.5
Denmark,DNK,16/4/21,97.1,5.09,13.95,67.17,9.77,17.69
Denmark,DNK,23/4/21,97.97,5.2,14.27,85.16,9.96,23.75
Denmark,DNK,30/4/21,98.74,5.3,14.6,93.68,10.14,37.21
Denmark,DNK,7/5/21,99.21,5.42,15.13,95.77,10.37,54.85
Denmark,DNK,14/5/21,99.58,5.54,19.28,97.08,10.57,71.87
Denmark,DNK,21/5/21,99.87,5.7,34.11,97.86,10.85,83.8
Denmark,DNK,28/5/21,100.12,6.05,57.16,98.36,11.98,91.08
Denmark,DNK,4/6/21,100.29,8.8,74.58,98.72,16.01,93.81
Denmark,DNK,11/6/21,100.43,20.2,86.08,98.97,24.12,94.79
Denmark,DNK,18/6/21,100.54,36.29,89.61,99.15,32.85,95.33
Denmark,DNK,25/6/21,100.62,49.62,90.93,99.27,39.93,95.65
Denmark,DNK,2/7/21,100.68,58.48,91.64,99.35,45.56,95.88
Denmark,DNK,9/7/21,100.74,66.93,92.29,99.45,57.17,96.15
Denmark,DNK,16/7/21,100.79,70.84,92.67,99.53,67.28,96.32
Denmark,DNK,23/7/21,100.84,73.72,93.04,99.6,73.45,96.48
Denmark,DNK,30/7/21,100.88,75.22,93.3,99.65,77.09,96.6
Denmark,DNK,6/8/21,100.91,76.19,93.5,99.69,78.93,96.69
Denmark,DNK,13/8/21,100.94,77.02,93.69,99.73,80.16,96.78
Denmark,DNK,20/8/21,100.97,77.82,93.87,99.77,81.21,96.86
Estonia,EST,1/1/21,0,0.01,0.03,0,0.02,0.02
Estonia,EST,8/1/21,0.22,0.6,1.51,0.53,1.08,1.27
Estonia,EST,15/1/21,1.59,0.93,2.34,1.15,1.57,2.12
Estonia,EST,22/1/21,3.57,1.08,2.87,1.78,1.84,2.69
Estonia,EST,29/1/21,4.68,1.26,3.41,2.27,2.13,3.17
Estonia,EST,5/2/21,7.48,1.52,4.09,3.31,2.54,3.79
Estonia,EST,12/2/21,14.44,1.9,4.54,4.91,2.8,4.28
Estonia,EST,19/2/21,19.82,2.22,6.19,7.15,3.64,5.88
Estonia,EST,26/2/21,23.16,2.88,8.15,8.03,4.92,7.67
Estonia,EST,5/3/21,27.11,3.93,11.07,9.57,6.42,11.32
Estonia,EST,12/3/21,32.31,4.7,14.14,16.91,7.93,18.04
Estonia,EST,19/3/21,36.46,5.73,16.66,24.19,9.34,21.59
Estonia,EST,26/3/21,41.82,6.16,18.39,33.02,10.18,25.04
Estonia,EST,2/4/21,45.73,6.66,21.39,40.99,11.23,31.17
Estonia,EST,9/4/21,50.76,7.02,23.72,51.32,12.07,36.65
Estonia,EST,16/4/21,53.86,7.39,26.3,59.08,12.99,42.09
Estonia,EST,23/4/21,55.58,7.91,29.21,62.81,14.08,46.64
Estonia,EST,30/4/21,57.27,8.85,33.75,65.61,15.79,50.9
Estonia,EST,7/5/21,58.37,10.02,41.61,67.33,18.01,54.63
Estonia,EST,14/5/21,59.35,11.19,46.77,68.29,20.69,56.87
Estonia,EST,21/5/21,60.04,12.97,49.16,68.87,26.63,58
Estonia,EST,28/5/21,60.69,19.95,50.57,69.44,31.09,58.82
Estonia,EST,4/6/21,61.18,25.53,52.02,69.95,35.13,59.71
Estonia,EST,11/6/21,61.61,29.95,53.33,70.39,38.12,60.54
Estonia,EST,18/6/21,61.96,33.34,54.71,70.81,40.59,61.37
Estonia,EST,25/6/21,62.08,34.66,55.26,70.93,41.59,61.67
Estonia,EST,2/7/21,62.34,36.41,56.25,71.26,42.99,62.35
Estonia,EST,9/7/21,62.65,38.3,57.46,71.68,44.6,63.18
Estonia,EST,16/7/21,62.92,40.24,58.71,72.05,46.19,63.94
Estonia,EST,23/7/21,63.34,43.62,60.27,72.68,48.22,65.06
Estonia,EST,30/7/21,63.68,46.14,61.71,73.19,50.08,66.06
Estonia,EST,6/8/21,64.21,49.61,63.54,73.84,52.63,67.25
Estonia,EST,13/8/21,64.81,52.98,65.29,74.62,55,68.58
Estonia,EST,20/8/21,65.22,55.41,66.58,75.1,56.64,69.48
Estonia,EST,27/8/21,65.62,58.06,67.67,75.57,58.22,70.33
Estonia,EST,31/8/21,65.77,58.8,68.03,75.7,58.69,70.57
Finland,FIN,1/1/21,0,0,0,0,0,0
Finland,FIN,8/1/21,0.34,0.17,0.65,0.08,0.71,0.29
Finland,FIN,15/1/21,2.79,0.48,1.79,0.5,1.67,0.9
Finland,FIN,22/1/21,8.22,0.91,2.98,1.4,2.52,1.67
Finland,FIN,29/1/21,14.17,1.22,3.69,2.15,3.01,2.17
Finland,FIN,5/2/21,18.1,1.35,3.99,2.49,3.23,2.4
Finland,FIN,12/2/21,26.09,1.46,4.3,3.26,3.44,2.92
Finland,FIN,19/2/21,40.58,1.64,4.94,4.89,3.77,4.65
Finland,FIN,26/2/21,55.21,1.77,5.96,7.39,4.07,7.61
Finland,FIN,5/3/21,68.4,1.93,7.49,12.18,4.39,11.1
Finland,FIN,12/3/21,78.32,2.11,9.5,20.25,4.91,14.25
Finland,FIN,19/3/21,83.71,2.3,11.08,32.67,5.39,16.91
Finland,FIN,26/3/21,86.72,2.34,11.34,48.61,5.49,17.84
Finland,FIN,2/4/21,88.38,2.47,11.84,66.62,5.74,20.24
Finland,FIN,9/4/21,89.45,2.85,13.61,82.13,6.6,26.83
Finland,FIN,16/4/21,90.48,3.76,17.39,90.26,8.5,39.53
Finland,FIN,23/4/21,91.08,4.75,23.07,92.76,10.47,52.87
Finland,FIN,30/4/21,91.4,5.88,32.63,93.85,12.27,64.55
Finland,FIN,7/5/21,91.76,6.73,46.47,94.59,14.11,73.47
Finland,FIN,14/5/21,92.14,7.33,57.21,95.11,16.83,78.04
Finland,FIN,21/5/21,92.84,7.92,66.6,95.58,21.48,81.5
Finland,FIN,28/5/21,93.23,8.49,72.79,95.98,27.2,83.44
Finland,FIN,4/6/21,93.58,9.4,76.77,96.44,34.75,84.82
Finland,FIN,11/6/21,93.79,11.65,79.46,96.84,45.01,85.94
Finland,FIN,18/6/21,93.94,17.34,80.89,97.19,55.33,86.62
Finland,FIN,25/6/21,94.03,24.65,81.53,97.44,60.44,86.97
Finland,FIN,2/7/21,94.14,36.93,82.27,97.87,64.68,87.48
Finland,FIN,9/7/21,94.26,45.56,82.95,98.26,67.23,88.03
Finland,FIN,16/7/21,94.35,51.83,83.58,98.44,69.27,88.62
Finland,FIN,23/7/21,94.44,56.55,84.28,98.61,70.89,89.07
Finland,FIN,30/7/21,94.53,60.59,85.03,98.78,72.6,89.55
Finland,FIN,6/8/21,94.63,64.18,85.79,98.98,74.37,90.02
Finland,FIN,13/8/21,94.72,66.84,86.35,99.14,75.87,90.38
Finland,FIN,20/8/21,94.8,68.75,86.78,99.27,77.02,90.65
Finland,FIN,27/8/21,94.88,70.07,87.1,99.36,77.83,90.86
Finland,FIN,31/8/21,94.9,70.39,87.18,99.39,78.03,90.91
France,FRA,8/1/21,0.41,0.01,0.44,0.16,0.07,0.28
France,FRA,15/1/21,2.08,0.06,1.74,0.85,0.36,1.03
France,FRA,22/1/21,8.92,0.12,2.72,4.07,0.67,1.74
France,FRA,29/1/21,14.85,0.17,3.23,6.94,0.85,2.22
France,FRA,5/2/21,18.98,0.2,3.52,9.09,0.97,2.54
France,FRA,12/2/21,22.33,0.31,3.86,10.99,1.27,2.9
France,FRA,19/2/21,24.53,0.46,4.19,12.21,1.6,3.22
France,FRA,26/2/21,26.9,0.64,5.14,13.65,1.93,4.19
France,FRA,5/3/21,32.14,0.89,7.09,18.09,2.42,6.83
France,FRA,12/3/21,38.59,1.19,9.17,24.87,3.06,10.54
France,FRA,19/3/21,46,1.35,10.24,31.46,3.45,12.92
France,FRA,26/3/21,53.52,1.62,12.35,41.39,4.08,18.1
France,FRA,2/4/21,58.81,2.06,14.52,50.85,4.98,22.7
France,FRA,9/4/21,63.04,2.54,17.04,59.94,5.92,27.78
France,FRA,16/4/21,66.81,3.04,20.61,67.6,6.92,35.34
France,FRA,23/4/21,69.28,3.45,24.17,72.26,7.82,43.51
France,FRA,30/4/21,71.66,4.02,28.74,76.6,9.21,52.44
France,FRA,7/5/21,73.53,5.21,34.45,79.84,12.27,59.32
France,FRA,14/5/21,74.87,8.33,42.88,82.12,17.2,64.03
France,FRA,21/5/21,76.1,13.4,50.89,84.08,23.59,68
France,FRA,28/5/21,77,18.81,56.38,85.45,29.54,70.65
France,FRA,4/6/21,77.96,26.05,60.88,86.77,36.42,73.02
France,FRA,11/6/21,78.77,33.18,64.43,87.9,42.65,74.95
France,FRA,18/6/21,79.39,38.08,66.79,88.75,46.76,76.33
France,FRA,25/6/21,79.88,41.88,68.5,89.41,49.54,77.36
France,FRA,2/7/21,80.33,45.19,70.07,90.02,51.94,78.33
France,FRA,9/7/21,80.82,48.48,71.82,90.68,54.52,79.42
France,FRA,16/7/21,81.33,53.65,74.12,91.42,58.38,80.71
France,FRA,23/7/21,81.99,60.9,77.26,92.38,63.73,82.43
France,FRA,30/7/21,82.77,68.77,80.75,93.47,69.6,84.3
France,FRA,6/8/21,83.5,74.52,83.56,94.44,74.05,85.88
France,FRA,13/8/21,84.14,78.49,85.64,95.23,77.3,87.08
Hungary,HUN,1/1/21,0,0,0.02,0,0.02,0.01
Hungary,HUN,8/1/21,0.64,0.33,1.51,0.54,0.92,0.85
Hungary,HUN,15/1/21,1.12,0.79,2.5,0.96,1.55,1.45
Hungary,HUN,22/1/21,1.18,1.12,2.88,1.1,1.85,1.68
Hungary,HUN,29/1/21,5.13,1.6,4.27,2.32,2.62,2.74
Hungary,HUN,5/2/21,13.07,1.76,4.46,2.42,2.77,2.85
Hungary,HUN,12/2/21,19.05,1.82,5.77,3.3,2.95,2.99
Hungary,HUN,19/2/21,24.99,2.1,7.48,5.59,3.31,4.11
Hungary,HUN,26/2/21,34.6,2.22,9.96,16.7,3.9,9.55
Hungary,HUN,5/3/21,44.2,2.35,11.54,33.6,4.24,17.49
Hungary,HUN,12/3/21,51.26,2.92,15.65,45.54,5.83,25.02
Hungary,HUN,19/3/21,56.5,3.43,17.01,55.34,6.71,32.06
Hungary,HUN,26/3/21,60.43,3.9,19.29,65.66,7.81,43.96
Hungary,HUN,2/4/21,63.61,4.98,28.51,71.69,11.7,53.42
Hungary,HUN,9/4/21,65.09,8,40.09,74,19.73,58.6
Hungary,HUN,16/4/21,67.12,10.77,45.4,76.55,25.28,62.56
Hungary,HUN,23/4/21,69.2,13.2,50.58,79.08,30.19,66.36
Hungary,HUN,30/4/21,70.38,22.6,55.15,80.37,38.5,68.63
Hungary,HUN,7/5/21,71.01,26.7,57.58,81.07,42.41,69.75
Hungary,HUN,14/5/21,71.89,31.23,60.45,82.11,46.62,71.4
Hungary,HUN,21/5/21,72.91,38.48,64.28,83.51,52.48,73.63
Hungary,HUN,28/5/21,73.34,40.68,65.64,84.01,54.28,74.44
Hungary,HUN,4/6/21,73.73,42.78,66.93,84.51,55.96,75.22
Hungary,HUN,11/6/21,74.03,44.26,67.85,84.89,57.12,75.78
Hungary,HUN,18/6/21,74.21,45.27,68.43,85.09,57.87,76.09
Hungary,HUN,25/6/21,74.33,46.02,68.82,85.25,58.4,76.32
Hungary,HUN,2/7/21,74.42,46.49,69.08,85.35,58.76,76.49
Hungary,HUN,9/7/21,74.49,46.83,69.35,85.46,59.09,76.66
Hungary,HUN,16/7/21,74.59,47.14,69.65,85.56,59.41,76.85
Hungary,HUN,23/7/21,74.67,47.4,69.95,85.67,59.7,77.03
Hungary,HUN,30/7/21,74.75,47.7,70.25,85.76,60.02,77.19
Hungary,HUN,6/8/21,74.84,47.97,70.5,85.85,60.29,77.33
Hungary,HUN,13/8/21,75,48.26,70.82,85.99,60.61,77.52
Hungary,HUN,20/8/21,75.15,48.46,71.07,86.11,60.85,77.69
Hungary,HUN,27/8/21,75.34,48.78,71.43,86.27,61.21,77.91
Iceland,ISL,8/1/21,18.31,0.31,0.82,2.52,0.85,1.29
Iceland,ISL,15/1/21,18.31,0.6,1.28,2.53,1.44,1.75
Iceland,ISL,22/1/21,33.96,0.8,2.05,5.97,1.99,2.86
Iceland,ISL,29/1/21,34.77,0.8,2.1,6.16,2.03,2.91
Iceland,ISL,5/2/21,43.87,0.9,2.53,6.78,2.4,3.25
Iceland,ISL,12/2/21,43.87,2.16,3.02,6.8,2.79,3.5
Iceland,ISL,19/2/21,45.29,3.22,4.3,7.06,3.79,5.2
Iceland,ISL,26/2/21,52.66,4.72,5.54,8.5,4.7,6.13
Iceland,ISL,5/3/21,90.98,6.07,7.04,9.47,5.99,7.09
Iceland,ISL,12/3/21,97.27,6.37,7.8,19.38,6.49,8.87
Iceland,ISL,19/3/21,97.9,6.37,7.84,34.83,6.52,9.13
Iceland,ISL,26/3/21,98.14,6.7,8.54,61.85,7,9.65
Iceland,ISL,2/4/21,98.32,7.02,9.36,75.16,7.66,10.85
Iceland,ISL,9/4/21,98.68,7.42,11.64,96.85,8.3,21.23
Iceland,ISL,16/4/21,98.82,7.87,14.57,99.02,10.31,34.05
Iceland,ISL,23/4/21,98.88,9.46,20.12,99.45,13.13,44.13
Iceland,ISL,30/4/21,99.07,10.74,39.23,100.61,15.59,88.81
Iceland,ISL,7/5/21,99.14,17.94,67.18,100.9,26.56,91.28
Iceland,ISL,14/5/21,99.2,20.1,71.69,101.1,29.85,91.99
Iceland,ISL,21/5/21,99.27,25.37,81.87,101.26,36.94,92.52
Iceland,ISL,28/5/21,99.33,27.03,84.04,102.17,40.53,94.14
Iceland,ISL,4/6/21,99.55,34.49,87.12,102.98,49.52,95.43
Iceland,ISL,11/6/21,99.64,55.16,88.28,103.39,62.71,95.87
Iceland,ISL,18/6/21,99.65,71.89,89.51,103.7,74.01,96.1
Iceland,ISL,25/6/21,99.88,81.65,91.34,104.55,82,97.34
Iceland,ISL,2/7/21,99.92,82.45,93.5,104.79,82.7,99.24
Iceland,ISL,9/7/21,100,84,94.11,104.93,83.9,99.67
Iceland,ISL,16/7/21,100.06,84.89,94.53,105.11,84.68,99.92
Iceland,ISL,23/7/21,100.08,85.15,94.59,105.14,84.91,99.95
Iceland,ISL,30/7/21,100.13,85.83,94.8,105.19,85.6,100.02
Ireland,IRL,8/1/21,0.47,0.65,1.82,0.12,1.78,0.89
Ireland,IRL,15/1/21,3.85,1.22,3.51,0.8,3.07,2.03
Ireland,IRL,22/1/21,10.05,1.71,4.81,1.93,4.03,3.08
Ireland,IRL,29/1/21,10.24,1.79,5.02,2.21,4.23,3.35
Ireland,IRL,5/2/21,10.43,1.94,5.34,2.28,4.5,3.54
Ireland,IRL,12/2/21,11.65,2.29,6.37,2.74,5.27,4.28
Ireland,IRL,19/2/21,21.13,2.87,7.33,3.02,6.03,4.91
Ireland,IRL,26/2/21,43.28,3.66,8.78,4.3,7.18,5.95
Ireland,IRL,5/3/21,66.39,4.26,9.91,7.34,8.07,6.92
Ireland,IRL,12/3/21,85.83,4.99,11.24,10.38,9.09,8.1
Ireland,IRL,19/3/21,98.37,5.1,11.42,16.46,9.2,8.41
Ireland,IRL,26/3/21,101.77,5.91,12.96,29.37,10.23,10.24
Ireland,IRL,2/4/21,103.83,6.73,14.37,43.65,11.16,12.22
Ireland,IRL,9/4/21,104.63,7.37,15.78,59.36,11.92,14.5
Ireland,IRL,16/4/21,105.24,7.53,16.62,84.97,12.25,17.65
Ireland,IRL,23/4/21,105.63,7.94,19.05,100.74,13.07,30.7
Ireland,IRL,30/4/21,105.9,8.82,23.92,103.92,14.82,49.04
Ireland,IRL,7/5/21,106.06,9.78,28.63,104.68,16.62,75.51
Ireland,IRL,14/5/21,106.17,10.73,47.25,105.18,18.27,90.25
Ireland,IRL,21/5/21,106.24,11.92,76.42,105.45,20.5,93.51
Ireland,IRL,28/5/21,106.3,13.43,87.8,105.65,25.95,95.28
Ireland,IRL,4/6/21,106.36,14.9,91.99,105.8,33.28,96.3
Ireland,IRL,11/6/21,106.4,16.17,93.42,105.9,41.05,96.78
Ireland,IRL,18/6/21,106.44,17.43,94.11,106.02,45.59,97.17
Ireland,IRL,25/6/21,106.48,18.94,94.78,106.15,50.79,97.68
Ireland,IRL,2/7/21,106.52,20.68,95.3,106.23,56.93,98.06
Ireland,IRL,9/7/21,106.56,26.59,95.81,106.3,62.87,98.44
Ireland,IRL,16/7/21,106.59,35.18,96.21,106.36,70.77,98.71
Ireland,IRL,23/7/21,106.63,49.91,96.57,106.41,78.88,98.93
Ireland,IRL,30/7/21,106.67,66.92,96.88,106.45,81.87,99.14
Ireland,IRL,6/8/21,106.69,74.28,97.15,106.51,83.44,99.31
Ireland,IRL,13/8/21,106.72,76.73,97.31,106.53,84.24,99.41
Ireland,IRL,20/8/21,106.74,78.35,97.48,106.57,84.87,99.53
Ireland,IRL,27/8/21,106.77,79.9,97.64,106.6,85.52,99.63
Ireland,IRL,31/8/21,106.78,80.18,97.67,106.61,85.64,99.65
Italy,ITA,1/1/21,0,0,0.02,0,0.02,0.02
Italy,ITA,8/1/21,0.8,0.36,1.98,0.28,1.58,1.58
Italy,ITA,15/1/21,2.31,0.9,3.38,0.7,2.71,2.67
Italy,ITA,22/1/21,2.99,1,3.67,0.85,2.95,2.9
Italy,ITA,29/1/21,3.16,1.03,3.74,0.88,3.01,2.96
Italy,ITA,5/2/21,3.42,1.11,3.91,0.96,3.17,3.1
Italy,ITA,12/2/21,4.97,1.45,4.47,1.19,3.75,3.55
Italy,ITA,19/2/21,9.61,1.8,5.22,1.43,4.54,3.96
Italy,ITA,26/2/21,18.66,2.07,6.35,1.62,5.42,4.57
Italy,ITA,5/3/21,28.32,2.36,8.02,1.96,6.48,5.78
Italy,ITA,12/3/21,37.8,2.69,9.68,2.53,7.66,7.05
Italy,ITA,19/3/21,45.21,2.91,10.37,3.87,8.18,7.77
Italy,ITA,26/3/21,53.68,3.36,11.81,8.09,9.25,9.51
Italy,ITA,2/4/21,63.78,3.78,12.94,14.23,10.03,11.33
Italy,ITA,9/4/21,75.39,4.21,14.1,23.37,10.73,13.66
Italy,ITA,16/4/21,81.66,4.59,15.25,37.36,11.34,17.91
Italy,ITA,23/4/21,86.03,4.99,16.48,51.31,11.99,24.22
Italy,ITA,30/4/21,88.47,5.74,18.75,63.85,12.94,34.32
Italy,ITA,7/5/21,90.09,6.64,22.84,72.82,14.15,47.48
Italy,ITA,14/5/21,91.39,7.88,29.65,77.88,15.75,59.58
Italy,ITA,21/5/21,92.43,9.24,37.45,81.23,18.14,67.37
Italy,ITA,28/5/21,93.28,10.93,46.09,83.44,21.05,73.18
Italy,ITA,4/6/21,93.89,17.18,57.82,85.01,26.88,77.13
Italy,ITA,11/6/21,94.48,24,66.86,86.28,35.58,79.89
Italy,ITA,18/6/21,94.84,29.32,70.38,86.97,42.59,81.24
Italy,ITA,25/6/21,95.13,36.02,72.55,87.52,48.89,82.21
Italy,ITA,2/7/21,95.35,43.74,73.98,87.97,53.09,82.99
Italy,ITA,9/7/21,95.52,48.83,74.79,88.31,55.42,83.54
Italy,ITA,16/7/21,95.68,51.8,75.45,88.62,57.15,84.02
Italy,ITA,23/7/21,95.87,55.96,76.35,89.02,59.51,84.68
Italy,ITA,30/7/21,96.07,60.96,77.41,89.45,62.32,85.42
Italy,ITA,6/8/21,96.26,65.93,78.54,89.85,65.02,86.12
Italy,ITA,13/8/21,96.44,69.92,79.7,90.21,67.3,86.77
Italy,ITA,20/8/21,96.6,72.58,80.66,90.53,69.02,87.34
Italy,ITA,27/8/21,96.8,75.2,81.71,90.89,70.79,87.96
Italy,ITA,31/8/21,96.94,76.92,82.42,91.15,71.96,88.39
Jersey,JEY,4/4/21,100,,,,,
Jersey,JEY,11/4/21,100,,,,,
Jersey,JEY,18/4/21,100,,,,,
Jersey,JEY,25/4/21,100,,,,,
Jersey,JEY,2/5/21,100,,,,,
Jersey,JEY,12/5/21,100,,,,,
Jersey,JEY,16/5/21,100,,,,,
Jersey,JEY,19/5/21,100,,,,,
Jersey,JEY,23/5/21,100,,,,,
Jersey,JEY,26/5/21,100,,,,,
Jersey,JEY,30/5/21,100,,,,,
Jersey,JEY,2/6/21,100,,,,,
Jersey,JEY,6/6/21,100,,,,,
Jersey,JEY,9/6/21,100,,,,,
Jersey,JEY,13/6/21,100,,,,,
Jersey,JEY,16/6/21,100,,,,,
Jersey,JEY,20/6/21,100,,,,,
Jersey,JEY,23/6/21,100,,,,,
Jersey,JEY,27/6/21,100,,,,,
Jersey,JEY,4/7/21,100,,,,,
Jersey,JEY,7/7/21,100,,,,,
Jersey,JEY,11/7/21,100,,,,,
Jersey,JEY,14/7/21,100,,,,,
Jersey,JEY,18/7/21,100,,,,,
Jersey,JEY,21/7/21,100,,,,,
Jersey,JEY,25/7/21,100,,,,,
Jersey,JEY,28/7/21,100,,,,,
Jersey,JEY,1/8/21,100,,,,,
Jersey,JEY,4/8/21,100,,,,,
Jersey,JEY,8/8/21,100,,,,,
Jersey,JEY,11/8/21,100,,,,,
Jersey,JEY,15/8/21,100,,,,,
Jersey,JEY,18/8/21,100,,,,,
Jersey,JEY,22/8/21,100,,,,,
Jersey,JEY,29/8/21,100,,,,,
Latvia,LVA,8/1/21,0.02,0.31,0.66,0.12,0.54,0.49
Latvia,LVA,15/1/21,0.08,0.7,1.54,0.35,1.16,1.24
Latvia,LVA,22/1/21,0.08,0.75,1.63,0.38,1.23,1.3
Latvia,LVA,29/1/21,0.08,0.76,1.65,0.38,1.25,1.31
Latvia,LVA,5/2/21,0.09,0.78,1.74,0.41,1.29,1.39
Latvia,LVA,12/2/21,0.26,0.99,2.01,0.55,1.49,1.66
Latvia,LVA,19/2/21,1.43,1.17,2.59,1.45,1.82,2.28
Latvia,LVA,26/2/21,5.09,1.5,3.01,6.07,2.09,2.88
Latvia,LVA,5/3/21,10,1.64,3.35,11.77,2.27,3.48
Latvia,LVA,12/3/21,13.82,1.75,3.6,16.26,2.4,4.12
Latvia,LVA,19/3/21,14.95,1.78,3.67,17.74,2.44,4.32
Latvia,LVA,26/3/21,18.85,1.9,4.4,22.77,2.71,6.25
Latvia,LVA,2/4/21,20.92,2.15,5.59,25.57,3.2,8.69
Latvia,LVA,9/4/21,23.15,2.69,7.21,28.3,4.02,13.86
Latvia,LVA,16/4/21,24.43,4.19,9.57,29.89,5.89,17.48
Latvia,LVA,23/4/21,26.02,5.03,12.57,32.07,7.99,22.03
Latvia,LVA,30/4/21,27.79,6.49,16.04,34.44,10.87,26.24
Latvia,LVA,7/5/21,29.07,10.84,19.65,36.09,15.73,29.08
Latvia,LVA,14/5/21,30.86,16.25,24.65,38.24,21.74,32.28
Latvia,LVA,21/5/21,32.23,20.14,28.07,39.96,25.72,34.91
Latvia,LVA,28/5/21,33.39,24.51,30.92,41.49,29.01,37.08
Latvia,LVA,4/6/21,34.43,28.32,32.92,42.75,31.3,38.76
Latvia,LVA,11/6/21,35.39,31.81,34.9,43.99,33.5,40.43
Latvia,LVA,18/6/21,36.25,34.43,36.68,45.11,35.35,41.92
Latvia,LVA,25/6/21,36.46,35.27,37.24,45.46,35.98,42.41
Latvia,LVA,2/7/21,37.29,37.61,39.02,46.55,37.67,44
Latvia,LVA,9/7/21,38.03,39.95,40.87,47.64,39.48,45.64
Latvia,LVA,16/7/21,38.62,42.13,42.58,48.46,41.11,47.05
Latvia,LVA,23/7/21,39.18,44.01,44.09,49.3,42.56,48.3
Latvia,LVA,30/7/21,39.7,45.73,45.38,50,43.85,49.42
Latvia,LVA,6/8/21,40.26,47.27,46.68,50.68,45.03,50.5
Latvia,LVA,13/8/21,40.85,48.81,47.95,51.43,46.23,51.6
Latvia,LVA,20/8/21,41.37,50.62,49.14,52.08,47.33,52.6
Latvia,LVA,27/8/21,41.83,52.51,50.28,52.67,48.43,53.52
Lithuania,LTU,8/1/21,0.12,0.35,1.78,0.25,1.06,1.38
Lithuania,LTU,15/1/21,1.6,0.72,3.58,1.1,2.06,3.02
Lithuania,LTU,22/1/21,2.48,0.82,4.01,1.37,2.32,3.47
Lithuania,LTU,29/1/21,2.94,1.18,4.74,1.54,2.98,4.04
Lithuania,LTU,5/2/21,3.26,1.29,5.19,1.65,3.26,4.44
Lithuania,LTU,12/2/21,3.64,1.58,6.73,1.9,4.11,5.65
Lithuania,LTU,19/2/21,9,1.72,7.71,2.96,4.57,6.59
Lithuania,LTU,26/2/21,23.28,1.8,8.14,8.13,4.76,7.7
Lithuania,LTU,5/3/21,32.15,1.89,8.44,18.14,4.91,9.09
Lithuania,LTU,12/3/21,35.68,1.99,8.67,29,5.04,11.91
Lithuania,LTU,19/3/21,36.84,2.04,8.89,33.42,5.12,14
Lithuania,LTU,26/3/21,39.41,2.42,9.99,40.57,5.73,18.89
Lithuania,LTU,2/4/21,41.93,4.34,12.03,47.43,7.15,24.3
Lithuania,LTU,9/4/21,44.35,8.14,15.94,53.99,9.8,32.18
Lithuania,LTU,16/4/21,46.89,10.13,19.54,59.07,12.16,38.81
Lithuania,LTU,23/4/21,48.49,12.75,22.85,61.92,14.45,43.4
Lithuania,LTU,30/4/21,49.4,14.46,26.92,63.21,16.78,47.71
Lithuania,LTU,7/5/21,50.33,16.86,32.3,64.6,21.37,51.75
Lithuania,LTU,14/5/21,51.24,19.35,37.69,65.75,25.72,55.91
Lithuania,LTU,21/5/21,51.9,21.33,42.13,66.53,29.32,58.59
Lithuania,LTU,28/5/21,52.51,23.57,45.73,67.31,34.13,60.87
Lithuania,LTU,4/6/21,52.99,33.78,48.07,67.91,40.29,62.41
Lithuania,LTU,11/6/21,53.48,38.53,49.99,68.5,43.58,63.72
Lithuania,LTU,18/6/21,53.87,40.52,51.38,69.01,45.24,64.74
Lithuania,LTU,25/6/21,54.05,41.69,52.06,69.25,46.18,65.22
Lithuania,LTU,2/7/21,54.41,43.27,53.1,69.67,47.38,66.01
Lithuania,LTU,9/7/21,54.7,44.5,54.1,70.08,48.53,66.79
Lithuania,LTU,16/7/21,54.98,45.71,55.44,70.42,49.93,67.63
Lithuania,LTU,23/7/21,55.38,47.8,57.79,71.05,52.44,69.13
Lithuania,LTU,30/7/21,55.92,50.83,60.93,71.8,55.62,71.13
Lithuania,LTU,6/8/21,56.75,54.39,64.36,73.04,59.35,73.48
Lithuania,LTU,13/8/21,57.74,57.63,67.16,74.39,62.47,75.64
Lithuania,LTU,20/8/21,58.6,60.64,69.37,75.42,65.1,77.28
Lithuania,LTU,27/8/21,59.17,63.27,70.86,76.11,66.96,78.36
Lithuania,LTU,31/8/21,59.36,64.42,71.41,76.33,67.71,78.71
Lithuania,LTU,1/1/21,,0.04,0.17,0.01,0.14,0.1
Luxembourg,LUX,8/1/21,1.34,0.03,0.28,0.21,0.2,0.19
Luxembourg,LUX,15/1/21,3.4,0.07,0.55,0.43,0.42,0.36
Luxembourg,LUX,22/1/21,3.41,0.27,1.07,0.49,0.85,0.57
Luxembourg,LUX,29/1/21,5.97,0.47,1.69,0.98,1.37,0.89
Luxembourg,LUX,5/2/21,9.54,0.63,2.11,1.36,1.71,1.08
Luxembourg,LUX,12/2/21,10.58,0.88,2.61,1.61,2.19,1.4
Luxembourg,LUX,19/2/21,16.79,1.39,3.42,2.21,2.91,1.75
Luxembourg,LUX,26/2/21,23.17,1.6,3.83,2.35,3.24,1.93
Luxembourg,LUX,5/3/21,37.34,1.76,4.04,2.69,3.39,3.42
Luxembourg,LUX,12/3/21,63.71,1.98,4.33,9.79,3.51,4.8
Luxembourg,LUX,19/3/21,78.14,2.12,4.69,30.44,3.67,5.5
Luxembourg,LUX,26/3/21,80.06,2.29,4.94,50.37,3.91,5.77
Luxembourg,LUX,2/4/21,80.65,2.5,5.43,76.87,4.22,11.2
Luxembourg,LUX,9/4/21,80.84,2.8,6.11,78.7,4.54,31.57
Luxembourg,LUX,16/4/21,81.25,3.01,7.33,79.72,4.86,62.99
Luxembourg,LUX,23/4/21,81.92,3.13,12.33,80.3,5.32,73.19
Luxembourg,LUX,30/4/21,82.32,3.34,28.05,81.17,6,75.47
Luxembourg,LUX,7/5/21,82.86,3.53,44.31,81.87,10.45,76.64
Luxembourg,LUX,14/5/21,83.5,3.72,63.63,82.47,12.77,78.14
Luxembourg,LUX,21/5/21,83.93,3.88,73.2,82.95,17.7,78.89
Luxembourg,LUX,28/5/21,84.26,3.97,74.43,83.36,19.88,79.42
Luxembourg,LUX,4/6/21,84.42,4.09,75.1,83.61,28.88,79.74
Luxembourg,LUX,11/6/21,84.59,4.2,75.93,83.92,35.47,80.27
Luxembourg,LUX,18/6/21,84.81,4.94,76.73,84.22,45.18,80.81
Luxembourg,LUX,25/6/21,85.15,16.21,77.54,84.6,56.88,81.43
Luxembourg,LUX,2/7/21,85.29,33.4,78,84.82,61.57,81.75
Luxembourg,LUX,9/7/21,85.42,48.55,78.41,85.03,63.18,82.02
Luxembourg,LUX,16/7/21,85.67,52.55,79.14,85.36,64.47,82.54
Luxembourg,LUX,23/7/21,85.82,54.1,79.6,85.7,65.25,82.87
Luxembourg,LUX,30/7/21,85.97,55.3,79.98,85.97,65.95,83.13
Luxembourg,LUX,6/8/21,86.15,56.29,80.4,86.21,66.63,83.42
Luxembourg,LUX,13/8/21,86.31,57.04,80.7,86.42,67.18,83.71
Luxembourg,LUX,20/8/21,86.54,57.96,81.09,86.71,67.78,84.03
Luxembourg,LUX,27/8/21,86.72,58.8,81.42,86.94,68.28,84.28
Luxembourg,LUX,31/8/21,86.82,59.25,81.54,87.04,68.52,84.39
Malta,MLT,8/1/21,2.2,0.4,1.68,0.35,1.12,0.74
Malta,MLT,15/1/21,17.05,0.8,2.89,0.82,2.09,1.34
Malta,MLT,22/1/21,29.88,1.26,4.37,1.53,3.18,1.97
Malta,MLT,29/1/21,35.8,1.56,5.71,2.1,4.06,2.6
Malta,MLT,5/2/21,50.84,1.91,6.91,2.68,4.88,3.3
Malta,MLT,12/2/21,66.49,2.5,7.8,3.1,5.67,3.95
Malta,MLT,19/2/21,75.87,3.84,10.12,5.33,7.27,5.76
Malta,MLT,26/2/21,80.12,7.26,14.37,9.35,11.56,9.27
Malta,MLT,5/3/21,82.23,9.12,21.33,13.88,16.15,15.41
Malta,MLT,12/3/21,88.57,11.64,25.22,21.65,19.82,26.74
Malta,MLT,19/3/21,94.95,13.77,27.3,35.17,22.03,36.8
Malta,MLT,26/3/21,98.36,15.1,29.02,57.61,23.41,49.11
Malta,MLT,2/4/21,98.95,15.57,30.02,79.69,24.13,64.8
Malta,MLT,9/4/21,99.76,16.43,37.97,87.19,25.38,75.74
Malta,MLT,16/4/21,100.51,17.26,53.24,94.94,26.36,80.16
Malta,MLT,23/4/21,101.65,18.3,67.78,101.84,28.99,86.34
Malta,MLT,30/4/21,102.01,19.78,73.55,103.8,36.4,91.97
Malta,MLT,7/5/21,102.22,22.01,78.09,104.22,49.08,92.71
Malta,MLT,14/5/21,102.37,24.58,80.57,104.47,59.54,93.25
Malta,MLT,21/5/21,102.52,39.12,81.7,104.62,64.42,93.51
Malta,MLT,28/5/21,102.61,46.65,82.44,104.71,67.51,93.71
Malta,MLT,4/6/21,102.72,52.65,83.14,104.79,69.87,93.9
Malta,MLT,11/6/21,102.87,58.13,84.24,104.89,73.5,94.1
Malta,MLT,18/6/21,102.97,61.71,84.53,104.98,75.43,94.26
Malta,MLT,25/6/21,103.05,62.46,84.74,105.02,75.96,94.34
Malta,MLT,2/7/21,103.11,64.42,85.11,105.09,77.01,94.42
Malta,MLT,9/7/21,103.21,66.37,85.69,105.17,78.13,94.57
Malta,MLT,16/7/21,103.34,69.67,86.5,105.28,80.28,94.75
Malta,MLT,23/7/21,103.55,72.69,87.24,105.4,82.53,95.03
Malta,MLT,30/7/21,103.73,75.01,87.8,105.46,84.37,95.18
Malta,MLT,6/8/21,103.79,76.45,88.07,105.51,85.63,95.26
Malta,MLT,13/8/21,103.88,77.39,88.28,105.53,86.36,95.32
Malta,MLT,20/8/21,103.93,78.27,88.45,105.57,87,95.37
Malta,MLT,27/8/21,103.97,78.85,88.6,105.59,87.48,95.42
Malta,MLT,1/1/21,,0.01,0.03,,0.02,0.01
Norway,NOR,22/1/21,27.3,0.1,0.4,0.35,0.44,0.31
Norway,NOR,29/1/21,35.28,0.17,0.66,0.64,0.67,0.53
Norway,NOR,5/2/21,55.56,0.32,1.14,2.08,1.05,0.9
Norway,NOR,12/2/21,70.55,0.44,1.49,4.78,1.34,1.19
Norway,NOR,19/2/21,80.17,0.72,3.42,7.03,1.51,2.2
Norway,NOR,26/2/21,81.11,1.4,4.63,7.32,2.48,2.83
Norway,NOR,5/3/21,84.14,2.41,6.23,8.54,3.79,3.87
Norway,NOR,12/3/21,88.67,3.12,7.47,10.17,4.56,5.22
Norway,NOR,19/3/21,96.41,3.17,7.61,17.88,4.65,5.6
Norway,NOR,26/3/21,99.76,3.52,8.49,34.32,5.38,6.89
Norway,NOR,2/4/21,100.73,3.78,9.42,47.05,5.91,8.87
Norway,NOR,9/4/21,101.54,4.29,11.7,68.68,6.82,14.38
Norway,NOR,16/4/21,102.16,4.81,14.32,85.76,7.62,28.01
Norway,NOR,23/4/21,102.52,5.29,17.01,91.48,8.44,43.61
Norway,NOR,30/4/21,102.86,5.97,22.82,93.58,9.9,56.65
Norway,NOR,7/5/21,103.16,6.73,26.78,94.55,11.6,62.84
Norway,NOR,14/5/21,103.38,7.51,30.27,95.16,13.08,67.85
Norway,NOR,21/5/21,103.48,7.77,31.63,95.53,13.55,69
Norway,NOR,28/5/21,103.59,8.07,32.88,95.86,14.08,70.3
Norway,NOR,4/6/21,103.76,9.75,41.13,96.28,16.81,78.85
Norway,NOR,11/6/21,103.88,12.3,49.88,96.5,19.48,83.23
Norway,NOR,18/6/21,104.01,18.93,63.52,96.7,22.63,88
Norway,NOR,25/6/21,104.11,27.81,77.18,96.87,29.43,90.84
Norway,NOR,2/7/21,104.2,41.38,85.53,97.02,41.25,92.14
Norway,NOR,9/7/21,104.28,51.43,88.13,97.13,50.79,92.65
Norway,NOR,16/7/21,104.34,57.75,89.17,97.22,56.4,92.93
Norway,NOR,23/7/21,104.4,67.35,90.45,97.31,63.22,93.22
Norway,NOR,30/7/21,104.46,74.54,91.28,97.41,70.99,93.48
Norway,NOR,6/8/21,104.54,78.21,91.87,97.5,75.76,93.72
Norway,NOR,13/8/21,104.62,80.01,92.3,97.59,78.05,93.9
Norway,NOR,20/8/21,104.67,81.08,92.64,97.66,79.3,94.05
Norway,NOR,27/8/21,104.73,82.17,92.96,97.74,80.46,94.2
Peru,PER,15/2/21,0,0.11,1.07,0.08,1.15,0.85
Peru,PER,22/2/21,0.02,0.22,1.73,0.2,1.81,1.59
Peru,PER,1/3/21,0.03,0.27,1.89,0.26,2,1.81
Peru,PER,8/3/21,1.99,0.52,2.32,0.48,2.25,2.03
Peru,PER,15/3/21,8.38,0.89,2.59,1.25,2.68,2.31
Peru,PER,22/3/21,12.47,1.23,2.73,1.95,2.87,2.54
Peru,PER,29/3/21,13.35,1.28,2.8,2.07,2.97,2.63
Peru,PER,5/4/21,13.63,1.49,3.07,2.21,3.35,2.79
Peru,PER,12/4/21,19.97,1.65,3.1,2.27,3.4,2.82
Peru,PER,19/4/21,31.3,1.72,3.31,2.78,3.6,2.9
Peru,PER,26/4/21,49.77,1.77,3.35,12.69,3.67,3.53
Peru,PER,3/5/21,63.74,1.85,3.37,24.92,3.72,4.36
Peru,PER,10/5/21,70.51,2.03,3.44,45.98,3.87,6.35
Peru,PER,17/5/21,75.57,2.15,3.6,63.42,3.99,13.5
Peru,PER,24/5/21,78.08,2.29,4.24,69.15,4.17,31.99
Peru,PER,31/5/21,79.44,2.37,4.88,71.17,4.29,42.55
Peru,PER,7/6/21,81.91,2.44,6.27,74.2,4.4,59.88
Peru,PER,14/6/21,84.07,2.57,7.35,76.66,4.75,65.27
Peru,PER,21/6/21,86.03,2.8,12.07,78.55,5.18,69.07
Peru,PER,28/6/21,87.43,2.94,24.74,79.98,5.5,71.42
Peru,PER,5/7/21,88.95,3.17,45.65,81.61,7.46,74.94
Peru,PER,12/7/21,89.8,3.4,59.64,82.63,10.98,77.05
Peru,PER,19/7/21,90.37,3.99,65.37,83.35,16.16,78.4
Peru,PER,26/7/21,90.72,4.23,68.06,83.79,18.68,79.15
Peru,PER,2/8/21,91.17,4.69,70.97,84.42,23.04,80.09
Peru,PER,9/8/21,91.62,5.03,72.92,85.02,26.13,80.89
Peru,PER,16/8/21,92.07,5.27,74.39,85.63,28.83,81.68
Peru,PER,23/8/21,92.5,5.56,75.97,86.18,32.34,82.47
Peru,PER,30/8/21,92.54,5.57,76.13,86.23,32.81,82.56
Peru,PER,8/2/21,0,0.03,0.59,0.02,0.63,0.39
Poland,POL,1/1/21,0,0,0.01,0,0.01,0.01
Poland,POL,8/1/21,0.13,0.32,1.37,0.25,0.7,0.66
Poland,POL,15/1/21,0.29,1.13,2.91,0.55,1.61,1.44
Poland,POL,22/1/21,2.47,1.5,3.67,1.21,2.07,2.01
Poland,POL,29/1/21,13.21,1.84,4.19,2.45,2.44,2.34
Poland,POL,5/2/21,21.64,1.97,4.34,4.7,2.56,2.53
Poland,POL,12/2/21,28.29,2.09,4.64,8.47,2.76,2.8
Poland,POL,19/2/21,32.6,2.22,5.57,12.08,3.3,3.09
Poland,POL,26/2/21,36.16,2.32,6.81,16.29,4,3.61
Poland,POL,5/3/21,39.22,2.44,8.11,20.96,4.81,4.29
Poland,POL,12/3/21,42.44,2.87,8.74,26.8,5.31,5.09
Poland,POL,19/3/21,45.08,3.18,9.08,32.61,5.56,6.07
Poland,POL,26/3/21,47.78,3.35,9.63,39.56,5.91,12.69
Poland,POL,2/4/21,49.92,3.59,10.55,45.72,6.49,19.84
Poland,POL,9/4/21,52.41,3.94,13.16,54.75,7.29,28.8
Poland,POL,16/4/21,54.25,4.28,17.53,61.64,8.11,37.75
Poland,POL,23/4/21,55.85,4.72,25.94,67.08,9.36,45.27
Poland,POL,30/4/21,57.09,5.31,32.6,71.02,12.97,51.21
Poland,POL,7/5/21,57.83,6.94,37.55,72.87,18.49,54.63
Poland,POL,14/5/21,58.43,12.28,41.43,74.21,24.14,57.15
Poland,POL,21/5/21,58.98,17.49,45.24,75.42,28.8,59.55
Poland,POL,28/5/21,59.47,21.31,48.07,76.44,32.22,61.32
Poland,POL,4/6/21,60,26.58,50.7,77.51,35.95,63.11
Poland,POL,11/6/21,60.56,30.69,53.06,78.51,39.14,64.7
Poland,POL,18/6/21,61.01,33.49,54.7,79.27,41.34,65.88
Poland,POL,25/6/21,61.37,35.52,55.94,79.87,42.98,66.78
Poland,POL,2/7/21,61.7,37.24,57.05,80.44,44.36,67.61
Poland,POL,9/7/21,61.95,38.52,57.88,80.83,45.42,68.18
Poland,POL,16/7/21,62.24,39.8,58.74,81.25,46.51,68.78
Poland,POL,23/7/21,62.52,40.96,59.54,81.66,47.52,69.33
Poland,POL,30/7/21,62.81,42.14,60.35,82.04,48.54,69.88
Poland,POL,6/8/21,63.05,43.17,61.06,82.37,49.47,70.33
Poland,POL,13/8/21,63.28,44.08,61.7,82.68,50.28,70.76
Poland,POL,20/8/21,63.46,44.85,62.21,82.91,50.96,71.08
Poland,POL,27/8/21,63.62,45.58,62.7,83.12,51.61,71.39
Poland,POL,31/8/21,63.67,45.84,62.84,83.19,51.82,71.49
Portugal,PRT,1/1/21,0,0.02,0.07,0,0.1,0.04
Portugal,PRT,8/1/21,0.6,0.41,1.11,0.12,1.54,0.6
Portugal,PRT,15/1/21,2.74,0.6,1.68,0.49,2.04,1
Portugal,PRT,22/1/21,8.51,1.09,3.03,1.49,3.16,1.9
Portugal,PRT,29/1/21,9.6,1.27,3.54,1.93,3.63,2.31
Portugal,PRT,5/2/21,10.27,1.4,3.82,2.1,3.93,2.51
Portugal,PRT,12/2/21,12.47,1.59,4.16,2.39,4.34,2.71
Portugal,PRT,19/2/21,19.66,1.89,5.04,2.69,5.01,3.81
Portugal,PRT,26/2/21,34.83,2.06,6.91,3.26,5.35,5.97
Portugal,PRT,5/3/21,47.73,2.18,8.11,4.06,5.58,7.34
Portugal,PRT,12/3/21,53.67,2.36,9.04,5.25,6.07,8.31
Portugal,PRT,19/3/21,61.71,2.39,9.25,6.85,6.21,8.62
Portugal,PRT,26/3/21,80.13,2.81,10.89,11.3,7.47,10.09
Portugal,PRT,2/4/21,85.57,2.9,11.22,18.43,7.61,11.72
Portugal,PRT,9/4/21,90.06,3,11.83,35.2,7.88,15.02
Portugal,PRT,16/4/21,91.62,3.55,16.03,54.1,10.54,20.7
Portugal,PRT,23/4/21,92.86,3.72,16.48,67.06,10.87,25.03
Portugal,PRT,30/4/21,93.77,4.07,17.14,82.87,11.2,37.53
Portugal,PRT,7/5/21,94.55,4.31,18.15,90.22,11.51,58.99
Portugal,PRT,14/5/21,95.14,4.6,21.16,93.75,12.26,74.11
Portugal,PRT,21/5/21,95.9,4.87,30.93,95.85,13.23,83.62
Portugal,PRT,28/5/21,96.63,5.16,43.04,97.31,14.02,87.73
Portugal,PRT,4/6/21,97.17,5.46,55.34,98.57,15.3,91.04
Portugal,PRT,11/6/21,97.64,5.83,69.8,99.56,19.17,93.13
Portugal,PRT,18/6/21,98.06,6.25,75.98,100.24,26.83,94.41
Portugal,PRT,25/6/21,98.63,6.67,82.17,100.91,35.71,95.64
Portugal,PRT,2/7/21,99.18,6.99,86.1,101.5,45.59,96.62
Portugal,PRT,9/7/21,99.62,8.71,88.9,102.02,57.4,97.45
Portugal,PRT,16/7/21,100.01,11.31,90.34,102.45,66.44,98.12
Portugal,PRT,23/7/21,100.42,16.05,91.9,103,72.31,98.95
Portugal,PRT,30/7/21,100.88,21.25,93.25,103.61,76.01,99.82
Portugal,PRT,6/8/21,101.32,34.36,94.43,104.16,79.12,100.57
Portugal,PRT,13/8/21,101.61,54.62,95.41,104.5,82.96,101.06
Portugal,PRT,20/8/21,101.86,73.93,96.21,104.79,86.57,101.45
Portugal,PRT,27/8/21,102.14,83,97.08,105.12,89.78,101.89
Portugal,PRT,31/8/21,102.3,84.75,97.53,105.33,90.58,102.14
Romania,ROU,28/5/21,17.79,19.44,31.55,33.25,24.52,34.43
Romania,ROU,4/6/21,18.12,20.47,32.48,33.86,25.38,35.18
Romania,ROU,11/6/21,18.43,21.25,33.27,34.42,26.11,35.82
Romania,ROU,18/6/21,18.66,21.8,33.79,34.79,26.61,36.25
Romania,ROU,25/6/21,18.84,22.25,34.23,35.11,27.03,36.61
Romania,ROU,2/7/21,19.02,22.7,34.64,35.38,27.44,36.94
Romania,ROU,9/7/21,19.17,23.17,35.05,35.63,27.86,37.25
Romania,ROU,16/7/21,19.3,23.61,35.42,35.85,28.26,37.52
Romania,ROU,23/7/21,19.43,24.08,35.84,36.09,28.74,37.81
Romania,ROU,30/7/21,19.55,24.55,36.26,36.29,29.22,38.08
Romania,ROU,6/8/21,19.67,25.04,36.69,36.47,29.72,38.33
Romania,ROU,13/8/21,19.76,25.47,37.06,36.62,30.17,38.53
Romania,ROU,20/8/21,19.84,25.91,37.4,36.76,30.61,38.72
Romania,ROU,27/8/21,19.93,26.37,37.73,36.9,31.03,38.91
Slovakia,SVK,8/1/21,0.09,0.35,1.03,0.25,0.75,0.63
Slovakia,SVK,15/1/21,0.19,0.83,2.16,0.51,1.58,1.34
Slovakia,SVK,22/1/21,0.75,1.48,3.3,0.89,2.41,2.01
Slovakia,SVK,29/1/21,8.34,1.96,3.86,2.85,2.83,2.54
Slovakia,SVK,5/2/21,16.08,2.2,4.14,8.27,3.04,2.95
Slovakia,SVK,12/2/21,21.49,2.64,4.92,11.98,3.77,3.49
Slovakia,SVK,19/2/21,23.5,2.92,6,13.5,4.51,4.29
Slovakia,SVK,26/2/21,25.23,3.3,6.89,14.68,5.49,4.65
Slovakia,SVK,5/3/21,25.95,3.87,8.55,15.12,6.86,5.47
Slovakia,SVK,12/3/21,27.14,4.03,9.08,19.12,7.2,11.06
Slovakia,SVK,19/3/21,30.35,4.38,10.32,30.56,7.71,16.22
Slovakia,SVK,26/3/21,36.88,4.78,12.65,42.41,8.3,19.74
Slovakia,SVK,2/4/21,38.9,5.07,15.52,49.1,8.78,25.05
Slovakia,SVK,9/4/21,40.29,5.46,21.03,52.39,9.58,30.35
Slovakia,SVK,16/4/21,41.53,5.76,23.98,54.57,11.42,33.96
Slovakia,SVK,23/4/21,42.52,6.09,25.78,56.11,12.7,36.76
Slovakia,SVK,30/4/21,43.74,6.73,27.22,58.21,14.29,41.2
Slovakia,SVK,7/5/21,45.14,8.03,30.74,60.31,16.39,46.18
Slovakia,SVK,14/5/21,46.3,9.3,36.58,61.92,19.39,51.27
Slovakia,SVK,21/5/21,47.36,12.1,39.85,63.51,24.26,53.78
Slovakia,SVK,28/5/21,48.11,15.19,42.63,64.61,28.88,55.42
Slovakia,SVK,4/6/21,48.75,19.21,43.98,65.42,31.8,56.49
Slovakia,SVK,11/6/21,49.33,21.99,45.17,66.1,33.46,57.31
Slovakia,SVK,18/6/21,49.81,24.88,46.18,66.74,34.73,58.18
Slovakia,SVK,25/6/21,50.3,26.88,46.99,67.31,35.84,58.9
Slovakia,SVK,2/7/21,50.73,29.95,48.2,67.89,37.38,59.68
Slovakia,SVK,9/7/21,51.04,32.82,49.47,68.32,39.01,60.32
Slovakia,SVK,16/7/21,51.4,35.12,50.55,68.76,40.45,60.93
Slovakia,SVK,23/7/21,51.69,36.56,51.25,69.13,41.26,61.41
Slovakia,SVK,30/7/21,51.96,37.68,51.87,69.43,41.94,61.81
Slovakia,SVK,6/8/21,52.29,38.72,52.57,69.82,42.64,62.29
Slovakia,SVK,13/8/21,52.53,39.61,53.14,70.13,43.25,62.65
Slovakia,SVK,20/8/21,52.77,40.64,53.69,70.42,43.89,63.01
Slovakia,SVK,27/8/21,52.95,41.37,54.07,70.63,44.31,63.26
Slovakia,SVK,31/8/21,52.97,41.5,54.1,70.65,44.38,63.29
Slovenia,SVN,1/1/21,3.13,0.01,0.17,0.57,0.07,0.2
Slovenia,SVN,8/1/21,4.77,0.44,2.33,1.27,1.65,1.17
Slovenia,SVN,15/1/21,15.12,0.67,2.88,1.91,2.08,1.48
Slovenia,SVN,22/1/21,16.88,0.75,3.1,2.05,2.25,1.56
Slovenia,SVN,29/1/21,17.19,0.81,3.18,2.1,2.32,1.6
Slovenia,SVN,5/2/21,17.83,0.84,3.22,2.12,2.36,1.62
Slovenia,SVN,12/2/21,29.18,1.32,3.51,2.44,2.63,1.76
Slovenia,SVN,19/2/21,42.34,1.72,3.87,4.47,2.84,2.17
Slovenia,SVN,26/2/21,49.59,1.84,4.56,11.52,3.06,3.28
Slovenia,SVN,5/3/21,51.92,2.05,5.66,16.88,3.35,4.93
Slovenia,SVN,12/3/21,53.17,2.32,8.54,18.32,4.56,8.16
Slovenia,SVN,19/3/21,54.57,2.35,8.94,21.56,4.76,8.44
Slovenia,SVN,26/3/21,56.67,2.73,11.32,33,5.97,10.95
Slovenia,SVN,2/4/21,57.94,2.88,12.6,50.36,6.73,15.22
Slovenia,SVN,9/4/21,58.91,2.94,12.97,57.01,6.83,28.72
Slovenia,SVN,16/4/21,59.7,3.01,13.54,60.49,7.01,37.26
Slovenia,SVN,23/4/21,60.42,5.73,16.49,62.46,7.93,41.98
Slovenia,SVN,30/4/21,61.01,5.94,17.91,63.73,8.22,45.12
Slovenia,SVN,7/5/21,62.05,6.28,28.84,65.77,9.42,49.08
Slovenia,SVN,14/5/21,63.22,7.83,35.73,67.67,14,52.39
Slovenia,SVN,21/5/21,64.32,11.91,40.03,69.37,19.7,54.95
Slovenia,SVN,28/5/21,65.36,13.4,42.92,70.75,21.44,57.08
Slovenia,SVN,4/6/21,66.4,18.1,46.6,71.95,26.09,58.99
Slovenia,SVN,11/6/21,67.21,22.86,48.71,72.83,30.04,60.27
Slovenia,SVN,18/6/21,67.77,25.86,49.91,73.55,31.93,61.19
Slovenia,SVN,25/6/21,68.11,27.21,50.65,74.03,32.76,61.8
Slovenia,SVN,2/7/21,68.5,28.51,51.39,74.55,33.56,62.46
Slovenia,SVN,9/7/21,69.03,29.74,52.45,75.42,34.54,63.49
Slovenia,SVN,16/7/21,69.6,31.43,53.96,76.34,35.96,64.7
Slovenia,SVN,23/7/21,70.15,33.26,55.39,77.25,37.37,65.82
Slovenia,SVN,30/7/21,70.66,35.05,56.74,78.09,38.67,66.88
Slovenia,SVN,6/8/21,71.15,36.4,57.75,78.85,39.69,67.72
Slovenia,SVN,13/8/21,71.58,37.66,58.55,79.44,40.5,68.37
Slovenia,SVN,20/8/21,72.33,39.14,59.5,80.22,41.39,69.13
Slovenia,SVN,27/8/21,72.94,40.55,60.37,80.88,42.34,69.78
Spain,ESP,8/1/21,4.67,0.29,1.03,0.71,0.81,0.81
Spain,ESP,15/1/21,6.99,0.75,2.71,1.08,2.17,2.05
Spain,ESP,22/1/21,7.74,1.03,3.63,1.22,2.88,2.72
Spain,ESP,29/1/21,8.04,1.14,3.94,1.27,3.12,2.94
Spain,ESP,5/2/21,8.34,1.27,4.18,1.33,3.32,3.1
Spain,ESP,12/2/21,8.97,1.55,4.79,1.41,3.91,3.48
Spain,ESP,19/2/21,14.25,2.09,5.68,1.65,4.76,4
Spain,ESP,26/2/21,25.47,2.73,6.82,2.16,6.18,4.55
Spain,ESP,5/3/21,39.06,3.23,7.92,2.67,7.72,4.91
Spain,ESP,12/3/21,48.25,3.84,9.18,2.98,9.06,5.1
Spain,ESP,19/3/21,54.63,4,9.39,3.16,9.29,5.21
Spain,ESP,26/3/21,64.47,4.73,10.94,3.49,10.35,8.07
Spain,ESP,2/4/21,79.59,5.1,11.89,5.06,10.96,14.75
Spain,ESP,9/4/21,94.73,5.4,12.41,19.68,11.26,26.93
Spain,ESP,16/4/21,98.39,5.5,12.71,44.1,11.42,37.54
Spain,ESP,23/4/21,99.81,5.61,13.07,65.21,11.6,45.59
Spain,ESP,30/4/21,100.6,5.74,13.41,83.74,11.78,55.78
Spain,ESP,7/5/21,101.11,5.96,15.91,92.51,12.04,74.95
Spain,ESP,14/5/21,101.5,6.27,27.25,95.17,12.51,84.6
Spain,ESP,21/5/21,101.77,6.69,43.6,96.32,13.02,87.89
Spain,ESP,28/5/21,101.96,6.94,59.1,96.99,13.48,89.62
Spain,ESP,4/6/21,102.1,7.23,75.72,97.35,15.29,90.93
Spain,ESP,11/6/21,102.23,7.53,83.87,97.62,22.34,92.1
Spain,ESP,18/6/21,102.32,7.86,86.72,97.8,31.64,93.18
Spain,ESP,25/6/21,102.39,8.3,88.11,97.93,40.51,93.88
Spain,ESP,2/7/21,102.46,9.64,89.33,98.07,49.75,94.58
Spain,ESP,9/7/21,102.52,13.62,90.16,98.17,57.01,95.16
Spain,ESP,16/7/21,102.57,20.05,90.82,98.26,63.51,95.7
Spain,ESP,23/7/21,102.62,29.73,91.45,98.34,68.94,96.14
Spain,ESP,30/7/21,102.67,42.88,91.9,98.41,73.35,96.5
Spain,ESP,6/8/21,102.71,54.91,92.35,98.48,76.33,96.86
Spain,ESP,13/8/21,102.76,67.02,92.8,98.55,78.09,97.19
Spain,ESP,20/8/21,102.8,71.63,93.23,98.62,79.29,97.57
Spain,ESP,27/8/21,102.84,74.39,93.57,98.67,80.31,97.79
Sweden,SWE,1/1/21,0.3,0,0.01,0.04,0,0.01
Sweden,SWE,8/1/21,5.46,0.07,0.33,0.87,0.16,0.36
Sweden,SWE,15/1/21,10.66,0.32,1.24,1.81,0.72,1.15
Sweden,SWE,22/1/21,15.81,0.79,2.64,2.92,1.63,2.34
Sweden,SWE,29/1/21,18.89,1.12,3.53,3.61,2.18,3.09
Sweden,SWE,5/2/21,21.45,1.31,4.04,4.21,2.49,3.57
Sweden,SWE,12/2/21,24.6,1.53,4.52,4.85,2.8,4.02
Sweden,SWE,19/2/21,28.47,1.96,5.32,5.8,3.34,4.69
Sweden,SWE,26/2/21,35.14,2.51,6.38,7.06,4.07,5.63
Sweden,SWE,5/3/21,44.69,3.24,7.99,8.74,5.29,6.98
Sweden,SWE,12/3/21,59.87,3.92,9.3,11.57,6.32,8.33
Sweden,SWE,19/3/21,72.07,4.07,9.62,15.05,6.54,8.84
Sweden,SWE,26/3/21,81.91,4.17,9.82,21.46,6.66,9.33
Sweden,SWE,2/4/21,88.02,4.25,9.99,36.3,6.76,10.3
Sweden,SWE,9/4/21,90.58,4.35,10.16,56.36,6.87,13.24
Sweden,SWE,16/4/21,92.09,4.51,10.52,79.04,7.09,27.87
Sweden,SWE,23/4/21,92.79,4.94,12.31,88.75,7.64,51.09
Sweden,SWE,30/4/21,93.17,5.7,18.78,91.51,8.68,70.6
Sweden,SWE,7/5/21,93.48,6.77,30.19,92.58,10.65,80.18
Sweden,SWE,14/5/21,93.7,7.8,42.24,93.22,12.63,83.65
Sweden,SWE,21/5/21,93.95,8.66,53.69,93.7,14.71,85.24
Sweden,SWE,28/5/21,94.07,9.39,61.28,94.11,16.96,86.16
Sweden,SWE,4/6/21,94.19,9.99,68.92,94.45,19.86,87.03
Sweden,SWE,11/6/21,94.29,10.69,75.46,94.74,24.74,87.84
Sweden,SWE,18/6/21,94.38,11.5,79.89,94.98,31.36,88.47
Sweden,SWE,25/6/21,94.45,12.31,82.34,95.18,38.47,88.96
Sweden,SWE,2/7/21,94.53,15.33,84.04,95.36,48.88,89.41
Sweden,SWE,9/7/21,94.58,24.69,84.97,95.5,57.32,89.72
Sweden,SWE,16/7/21,94.63,39.21,85.7,95.6,63.46,89.98
Sweden,SWE,23/7/21,94.67,50.12,86.29,95.69,67.26,90.22
Sweden,SWE,30/7/21,94.71,55.88,86.76,95.79,69.47,90.43
Sweden,SWE,6/8/21,94.75,58.97,87.16,95.88,71.07,90.62
Sweden,SWE,13/8/21,94.78,61.39,87.53,95.96,72.47,90.8
Sweden,SWE,20/8/21,94.82,63.63,87.89,96.04,73.73,90.95
Sweden,SWE,27/8/21,94.86,65.78,88.22,96.11,74.9,91.1
Sweden,SWE,31/8/21,94.87,66.35,88.31,96.13,75.21,91.15
Uruguay,URY,27/2/21,,0.01,,,,
Uruguay,URY,28/2/21,,0.01,,,,
Uruguay,URY,1/3/21,,0.32,,,,
Uruguay,URY,2/3/21,,0.65,,,,
Uruguay,URY,3/3/21,,1.13,,,,
Uruguay,URY,4/3/21,,1.35,,,,
Uruguay,URY,5/3/21,,1.56,,,,
Uruguay,URY,6/3/21,,1.56,,,,
Uruguay,URY,7/3/21,,1.56,,,,
Uruguay,URY,8/3/21,,1.6,,,,
Uruguay,URY,9/3/21,,1.7,,,,
Uruguay,URY,10/3/21,,1.86,,,,
Uruguay,URY,11/3/21,,2.07,,,,
Uruguay,URY,12/3/21,,2.21,,,,
Uruguay,URY,13/3/21,,2.27,,,,
Uruguay,URY,14/3/21,,2.27,,,,
Uruguay,URY,15/3/21,,2.33,,,,
Uruguay,URY,16/3/21,,2.35,,,,
Uruguay,URY,17/3/21,,2.46,,,,
Uruguay,URY,18/3/21,,2.52,,,,
Uruguay,URY,19/3/21,,2.64,,,,
Uruguay,URY,20/3/21,,2.64,,,,
Uruguay,URY,21/3/21,,2.64,,,,
Uruguay,URY,22/3/21,,2.77,,,,
Uruguay,URY,23/3/21,,2.99,,,,
Uruguay,URY,24/3/21,,3.34,,,,
Uruguay,URY,25/3/21,,3.8,,,,
Uruguay,URY,26/3/21,,4.24,,,,
Uruguay,URY,27/3/21,,4.34,,,,
Uruguay,URY,28/3/21,,4.34,,,,
Uruguay,URY,29/3/21,,5.66,,,,
Uruguay,URY,30/3/21,,7.06,,,,
Uruguay,URY,31/3/21,,8.41,,,,
Uruguay,URY,1/4/21,,9.85,,,,
Uruguay,URY,2/4/21,,11.31,,,,
Uruguay,URY,3/4/21,,11.74,,,,
Uruguay,URY,4/4/21,,11.74,,,,
Uruguay,URY,5/4/21,,11.77,,,,
Uruguay,URY,6/4/21,,11.79,,,,
Uruguay,URY,7/4/21,,11.81,,,,
Uruguay,URY,8/4/21,,11.92,,,,
Uruguay,URY,9/4/21,,12.13,,,,
Uruguay,URY,10/4/21,,12.17,,,,
Uruguay,URY,11/4/21,,12.17,,,,
Uruguay,URY,12/4/21,,12.3,,,,
Uruguay,URY,13/4/21,,12.63,,,,
Uruguay,URY,14/4/21,,13.06,,,,
Uruguay,URY,15/4/21,,13.39,,,,
Uruguay,URY,16/4/21,,13.83,,,,
Uruguay,URY,17/4/21,,13.98,,,,
Uruguay,URY,18/4/21,,13.98,,,,
Uruguay,URY,19/4/21,,14.11,,,,
Uruguay,URY,20/4/21,,14.24,,,,
Uruguay,URY,21/4/21,,14.36,,,,
Uruguay,URY,22/4/21,,14.45,,,,
Uruguay,URY,23/4/21,,14.52,,,,
Uruguay,URY,24/4/21,,14.53,,,,
Uruguay,URY,25/4/21,,14.53,,,,
Uruguay,URY,26/4/21,,14.57,,,,
Uruguay,URY,27/4/21,,14.59,,,,
Uruguay,URY,28/4/21,,14.62,,,,
Uruguay,URY,29/4/21,,14.66,,,,
Uruguay,URY,30/4/21,,14.74,,,,
Uruguay,URY,1/5/21,,14.74,,,,
Uruguay,URY,2/5/21,,14.75,,,,
Uruguay,URY,3/5/21,,14.77,,,,
Uruguay,URY,4/5/21,,14.8,,,,
Uruguay,URY,5/5/21,,14.82,,,,
Uruguay,URY,6/5/21,,14.9,,,,
Uruguay,URY,7/5/21,,14.97,,,,
Uruguay,URY,8/5/21,,14.98,,,,
Uruguay,URY,9/5/21,,14.98,,,,
Uruguay,URY,10/5/21,,15,,,,
Uruguay,URY,11/5/21,,15.02,,,,
Uruguay,URY,12/5/21,,15.05,,,,
Uruguay,URY,13/5/21,,15.1,,,,
Uruguay,URY,14/5/21,,15.15,,,,
Uruguay,URY,15/5/21,,15.17,,,,
Uruguay,URY,16/5/21,,15.17,,,,
Uruguay,URY,17/5/21,,15.2,,,,
Uruguay,URY,18/5/21,,15.29,,,,
Uruguay,URY,19/5/21,,15.31,,,,
Uruguay,URY,20/5/21,,15.92,,,,
Uruguay,URY,21/5/21,,16.93,,,,
Uruguay,URY,22/5/21,,16.95,,,,
Uruguay,URY,23/5/21,,16.95,,,,
Uruguay,URY,24/5/21,,17.56,,,,
Uruguay,URY,25/5/21,,18.2,,,,
Uruguay,URY,26/5/21,,18.97,,,,
Uruguay,URY,27/5/21,,19.92,,,,
Uruguay,URY,28/5/21,,20.79,,,,
Uruguay,URY,11/6/21,,50.34,,,,
Uruguay,URY,18/6/21,,52.12,,,,
Uruguay,URY,25/6/21,,55.51,,,,
Uruguay,URY,9/7/21,,66.43,,,,